,channelid,videoid,commentvideoid,commentid,authorchannelid,authorchannelurl,authordisplayname,authorprofileimageurl,likecount,textdisplay
0,UCc6W7efUSkd9YYoxOnctlFg,koMbIaJ8Tmo,koMbIaJ8Tmo,Ugwap8R6iQe_QRizueB4AaABAg,UC7LrscDTqi-4bOKztaGX8Rg,http://www.youtube.com/channel/UC7LrscDTqi-4bOKztaGX8Rg,Alexzandria Hensley,https://yt3.ggpht.com/a/AATXAJwC9j2RbiyLEVwWNtkFYQDpT_sPZz9PmM-h66rDIw=s48-c-k-c0xffffffff-no-rj-mo,1,Watching this is 2020 reminiscing on old YouTube videos that were so pure and innocentüíó
1,UCsooa4yRKGN_zEE8iknghZA,iIbxaUbLXEQ,koMbIaJ8Tmo,UgyjDeNnLrkrYs_YnhJ4AaABAg,UCs_pJrtGpyb8gbwBefFy6Ow,http://www.youtube.com/channel/UCs_pJrtGpyb8gbwBefFy6Ow,Mavi Cole,https://yt3.ggpht.com/a/AATXAJykjvSxTLOa9OIDVLAf1CWMXMcRADurIOrOOg=s48-c-k-c0xffffffff-no-rj-mo,3,It‚Äôs that time of year ladies
0,UCupvZG-5ko_eiXAupbDfxWw,NmRJgKbibB8,NmRJgKbibB8,Ugw6koAOjRJEjgLWeM94AaABAg,UC59rG_aURHCTZBaOm2nB0Hg,http://www.youtube.com/channel/UC59rG_aURHCTZBaOm2nB0Hg,Ishmeet Ahuja,https://yt3.ggpht.com/a/AATXAJy_jcjjXu7BOQncmgnKhn_i_lmzdin0iDq-mw=s48-c-k-c0xffffffff-no-rj-mo,1,MVP üíé
0,UCjG2HX7jfwqIjzTlaF1CPGA,tGBHFnIXdAk,tGBHFnIXdAk,UgywfAmzWkwTazh6Ejx4AaABAg,UClJfor7Ey4IPizDXC3BIANQ,http://www.youtube.com/channel/UClJfor7Ey4IPizDXC3BIANQ,Pratik Khanal,https://yt3.ggpht.com/a/AATXAJzCzRLmwkZSGmzmABExjDmAMi9NeSn0_2vVfQ=s48-c-k-c0xffffffff-no-rj-mo,0,"‡§®‡§æ‡§Ø‡§ø‡§ï‡§æ ‡§Ü‡§Ç‡§ö‡§≤ ‡§∂‡§∞‡•ç‡§Æ‡§æ‡§ï‡•ã ‡§∞‡§Æ‡§æ‡§á‡§≤‡•ã ‡§ü‡§ø‡§ï‡§ü‡§ï ‡§≠‡§ø‡§°‡§ø‡§Ø‡•ã | ‡§≠‡§æ‡§ó- ‡•© | ‡§≠‡§ø‡§°‡§ø‡§Ø‡•ã ‡§π‡•á‡§∞‡•Ä ‡§Æ‡§®‡•ã‡§∞‡§û‡•ç‡§ú‡§® ‡§ó‡§∞‡•ç‡§®‡•Å‡§π‡•ã‡§∏ ‡§π‡•à‡•§ ‡§∞‡§Æ‡§æ‡§á‡§≤‡•ã ‡§≤‡§æ‡§ó‡•ç‡§®‡•á‡§õ ‡•§ ‡§Ø‡§∏‡•ç‡§§‡•à ‡§´‡§∞‡§ï ‡§´‡§∞‡§ï ‡§≠‡§ø‡§°‡§ø‡§Ø‡•ã ‡§π‡•á‡§∞‡•ç‡§® ‡§π‡§æ‡§Æ‡•ç‡§∞‡•ã ‡§ö‡•ç‡§Ø‡§æ‡§®‡§≤ subscribe ‡§™‡§®‡§ø ‡§ó‡§∞‡§ø‡§¶‡§ø‡§®‡•Å ‡§π‡•ã‡§≤‡§æ ‡§π‡•à‡•§<br /><a href=""https://youtu.be/zjxLHmha3oQ"">https://youtu.be/zjxLHmha3oQ</a>"
0,UCoUM-UJ7rirJYP8CQ0EIaHA,ekzHIouo8Q4,ekzHIouo8Q4,UgzZW5pr3rddPftu3qZ4AaABAg,UCSXl2cFAhevfaWd2xMg8FmQ,http://www.youtube.com/channel/UCSXl2cFAhevfaWd2xMg8FmQ,Yasmin Donato,https://yt3.ggpht.com/a/AATXAJzVo9yLESyNAvpBHzFnC58jHAAKRQLsrfGEzGitUg=s48-c-k-c0xffffffff-no-rj-mo,1,Somebody in quarantine or 2020?? <br />Like..
0,UCIEv3lZ_tNXHzL3ox-_uUGQ,gBJjRYk0yC0,gBJjRYk0yC0,UgzDnIyqSlIIMUftXxV4AaABAg,UCdJGoW7AmtF30Fen8j70luw,http://www.youtube.com/channel/UCdJGoW7AmtF30Fen8j70luw,Alief Official,https://yt3.ggpht.com/a/AATXAJyd_KGDWIgKoYZZAhf5tPnuWjCC2SASZvyRPgng=s48-c-k-c0xffffffff-no-rj-mo,0,Beautiful
0,UCrUbqTCagwsaP2Fmr0p1TsA,N61pdv7jNiQ,N61pdv7jNiQ,UgzKkOYJtQ5QAr9e2a54AaABAg,UCjnJjJNXU7TS8TwanBOF0mw,http://www.youtube.com/channel/UCjnJjJNXU7TS8TwanBOF0mw,Madison B,https://yt3.ggpht.com/a/AATXAJzycsdwPRPilvfk0NU9xio_wHoY_KyYLr2xR1We=s48-c-k-c0xffffffff-no-rj-mo,1,october 1st 2020.. y‚Äôall know what time it is
0,UCmh5gdwCx6lN7gEC20leNVA,RHPrkc44oDg,RHPrkc44oDg,Ugxmrq_W9nR2n6_hYk14AaABAg,UCmh5gdwCx6lN7gEC20leNVA,http://www.youtube.com/channel/UCmh5gdwCx6lN7gEC20leNVA,David Dobrik,https://yt3.ggpht.com/a/AATXAJx9d6yYV41tDuSuV8QHLKRX43I89KGilPimDmqhkA=s48-c-k-c0xffffffff-no-rj-mo,35110,"All the extra honeymoon footage will be on my instagram: <a href=""http://instagram.com/daviddobrik"">instagram.com/daviddobrik</a>"
0,UCWOA1ZGywLbqmigxE4Qlvuw,BQ7IAbWKmzg,BQ7IAbWKmzg,UgzVm4iyb0F6PaThTHR4AaABAg,UCLeN-8gr8pDqMeqiYcBB7rw,http://www.youtube.com/channel/UCLeN-8gr8pDqMeqiYcBB7rw,Julio Guerra,https://yt3.ggpht.com/a/AATXAJyLX-FwwqYPIfMyX5uwf-Ec1wKY0v7YMaM-NOcwWA=s48-c-k-c0xffffffff-no-rj-mo,1,Chance the rapper sounded like a bitch
0,UCRXiA3h1no_PFkb1JCP0yMA,UTJ7c2saCc4,UTJ7c2saCc4,Ugwa77ZIfTMD89szieB4AaABAg,UCQ0H1DqkUTq4wGqRDgtH9dw,http://www.youtube.com/channel/UCQ0H1DqkUTq4wGqRDgtH9dw,Danielle McClain,https://yt3.ggpht.com/a/AATXAJy6_MB13bvDCCGd79g1DIGJH1vOLojdTs31xQ=s48-c-k-c0xffffffff-no-rj-mo,0,Cute but can we talk about how Priyanka can draw the emojis on point while i have to think for a good 15 minutes to picture and draw it well.......
0,UCbAwSkqJ1W_Eg7wr3cp5BUA,Ihoys69G56U,Ihoys69G56U,Ugx-abIrIzCxJxUoUFl4AaABAg,UCbAwSkqJ1W_Eg7wr3cp5BUA,http://www.youtube.com/channel/UCbAwSkqJ1W_Eg7wr3cp5BUA,Safiya Nygaard,https://yt3.ggpht.com/a/AATXAJwuTxYzGSZMwfcuBbi2GvXirNKnv-qpsrVRlcc5=s48-c-k-c0xffffffff-no-rj-mo,20193,"HELLO FRIENDS!! i know it&#39;s been a hot second, but it&#39;s finally here!! MY FIRST TATTOO THAT Y&#39;ALL HELPED PICK! sorry i missed last week, but we are back up and running over here! love you guys &lt;3"
0,UCsT0YIqwnpJCM-mx7-gSA4Q,NHHPNMIK-fY,NHHPNMIK-fY,UgzbQK3zgXhgPblkh5F4AaABAg,UCQ3RJCBsQ5BvQu80_dDYCfw,http://www.youtube.com/channel/UCQ3RJCBsQ5BvQu80_dDYCfw,Amber Berry,https://yt3.ggpht.com/a/AATXAJwFbHpynkwGa6gcZJonJZpT3oTN9Js4MA0gUA=s48-c-k-c0xffffffff-no-rj-mo,0,That is awesome.
0,UC8-Th83bH_thdKZDJCrn88g,cLmCJKT5ssw,cLmCJKT5ssw,UgxYXX4l1dh-xv94NKR4AaABAg,UCnlMJA95O0yYGxFlh3bbptA,http://www.youtube.com/channel/UCnlMJA95O0yYGxFlh3bbptA,EXENOX,https://yt3.ggpht.com/a/AATXAJwBCxBYcbyWrVUAUQ4W_lCWuGdBAtSzErZQpiL8Jw=s48-c-k-c0xffffffff-no-rj-mo,0,"<a href=""https://www.youtube.com/watch?v=cLmCJKT5ssw&amp;t=1m06s"">1:06</a><br />Ill just leave this here"
0,UCiGm_E4ZwYSHV3bcW1pnSeQ,viimfQi_pUw,viimfQi_pUw,Ugzav_9gHELQ_aBYWtR4AaABAg,UCE0wGrDQxtgmo9BPViZqafA,http://www.youtube.com/channel/UCE0wGrDQxtgmo9BPViZqafA,Andreinate Cruz,https://yt3.ggpht.com/a/AATXAJxkqfcCgfwGQ8gxdghN2v8hEqLXzebUrzMT-A=s48-c-k-c0xffffffff-no-rj-mo,1,Billie eilish is a robot
0,UCpko_-a4wgz2u_DgDgd9fqA,QTrqGwj3XpA,QTrqGwj3XpA,Ugz7NNOrZmyzH81nvoV4AaABAg,UCzBbiW6nRbHi8_ZFRLpff_g,http://www.youtube.com/channel/UCzBbiW6nRbHi8_ZFRLpff_g,assskiii,https://yt3.ggpht.com/a/AATXAJy3GUivnmSwRQlHgKqtFtvx4gdaNVHHH6Dy-tZclA=s48-c-k-c0xffffffff-no-rj-mo,0,"Let me make you a damn casserole and then you‚Äôll understand Eugene, its just an easy way to put everything in one thing üòÇ"
0,UCsTcErHg8oDvUnTzoqsYeNw,Hi2tjMLVpdQ,Hi2tjMLVpdQ,UgxgyBI973N_hfA9GNB4AaABAg,UCsTcErHg8oDvUnTzoqsYeNw,http://www.youtube.com/channel/UCsTcErHg8oDvUnTzoqsYeNw,Unbox Therapy,https://yt3.ggpht.com/a/AATXAJw-QM8qKN656goqN2rMXFNZiqs13_DzxBrALSmY_w=s48-c-k-c0xffffffff-no-rj-mo,19137,"If this video hits 100,000 likes I&#39;ll definitely do it again next year! Thx to everyone for being involved üôè"
0,UCSAUGyc_xA8uYzaIVG6MESQ,xfeys7Jfnx8,xfeys7Jfnx8,UgxqdqkodrJU7nd_sGB4AaABAg,UCS-pAztqpEuUH7Vt7imoCmQ,http://www.youtube.com/channel/UCS-pAztqpEuUH7Vt7imoCmQ,Teetimefun,https://yt3.ggpht.com/a/AATXAJwBvp1axM_GxbNiI2YPpn2GrD1EMb5onfMQX8HC=s48-c-k-c0xffffffff-no-rj-mo,0,"Can we all appreciate the gender equality, there is a girl in the classroom"
0,UCQZfFRohQ7UX-0CdXl-6pwQ,hC8fHCj6sBU,hC8fHCj6sBU,UgyMtfMsqXtZF5BqPN54AaABAg,UCQZfFRohQ7UX-0CdXl-6pwQ,http://www.youtube.com/channel/UCQZfFRohQ7UX-0CdXl-6pwQ,Kimberly Loaiza,https://yt3.ggpht.com/a/AATXAJz3PgPTpopifQxnpAWhX6L0W8pYGQgpvMoiwprWsg=s48-c-k-c0xffffffff-no-rj-mo,61047,"JAJAJA LINDURAS NO PUEDE SER LAS VERG√úENZAS QUE PASE EN ESTE VIDEO, pero todo por complacerlos bebes üíì, los amo much√≠simo gracias por todo su apoyo ‚ú®"
0,UCj22tfcQrWG7EMEKS0qLeEg,XvyKSWfxM_w,XvyKSWfxM_w,Ugz0-v_iCkT23wX-Iz94AaABAg,UCj22tfcQrWG7EMEKS0qLeEg,http://www.youtube.com/channel/UCj22tfcQrWG7EMEKS0qLeEg,CarryMinati,https://yt3.ggpht.com/a/AATXAJyWa_nQ2qFeJ67Zwe6QGgaZCs_QlZvn_IGEImn8Iw=s48-c-k-c0xffffffff-no-rj-mo,79714,Agar inki Shaadi hogyi toh aadha desh doob jayega...
0,UCIPA6iWNaoetaa1T46RkzXw,9h1l5Z0mH0w,9h1l5Z0mH0w,UgzI40LoblF5SlbQ6id4AaABAg,UCJBEM9PT7Tbja3V1Cs6B1CA,http://www.youtube.com/channel/UCJBEM9PT7Tbja3V1Cs6B1CA,yHey Offy,https://yt3.ggpht.com/a/AATXAJzMFraG0nc1NDLiwjy4cS6k_5f7whQcfS-kFErqyQ=s48-c-k-c0xffffffff-no-rj-mo,0,Amei minha inf√¢ncia ü§°üëÅüëÑüëÅ
0,UCUAL--p3qAa27luR0IYbjZA,lw7a70PLSMw,lw7a70PLSMw,UgyvcGBcdPFTN3GzF914AaABAg,UCP59WfU9Nv-57-AxDWyYBpQ,http://www.youtube.com/channel/UCP59WfU9Nv-57-AxDWyYBpQ,Nihal hilal Ok,https://yt3.ggpht.com/a/AATXAJxkCeYOvsr7R8bOikQXdC6PI0X-vdAQF7bhVw=s48-c-k-c0xffffffff-no-rj-mo,0,WOW <br />üòÆüòÆüòÆüòÆüòÆ
1,UCS_BD8cjFA8juZogPH5hEjg,e6GjRy0j01k,lw7a70PLSMw,Ugw_2ZaiOl3wB0Zos7J4AaABAg,UCsBy_fsGSdP1FSReZ4JM37w,http://www.youtube.com/channel/UCsBy_fsGSdP1FSReZ4JM37w,Lokesh Yd,https://yt3.ggpht.com/a/AATXAJzewki5f0m6Gv42rNQb1zlSNV7daJpBecVbPdf6=s48-c-k-c0xffffffff-no-rj-mo,0,its little bit wrong but nice
0,UCczFdwWpVEpoqb-eMm4c4dQ,BkKDBD3qtqo,BkKDBD3qtqo,UgzbeA4nI0mF_fCuZ2h4AaABAg,UCCnEbhSoQyiGM0cocWfKdKw,http://www.youtube.com/channel/UCCnEbhSoQyiGM0cocWfKdKw,James Baisden,https://yt3.ggpht.com/a/AATXAJx5Zgx_lTZnYa7g8mZAANRKtEfNZjhsJQzuoQ=s48-c-k-c0xffffffff-no-rj-mo,0,crinch&#39;
1,UCCB1Byx5yTbLpQaV-rlfmtA,qvQ_O0UX87I,BkKDBD3qtqo,UgynBUWCj6eUY7rb2mt4AaABAg,UCQi2ygDdvDBwA-2ph4dd92Q,http://www.youtube.com/channel/UCQi2ygDdvDBwA-2ph4dd92Q,Anthony Julius,https://yt3.ggpht.com/a/AATXAJyjaXUyXnvxxN6QIxJ8vR9CUnXKUXy2PNoJFQ=s48-c-k-c0xffffffff-no-rj-mo,0,3:00 AM
0,UCjwmbv6NE4mOh8Z8VhPUx1Q,ZGhRVjMXX0A,ZGhRVjMXX0A,Ugyr0fW7PMz8OHMex0t4AaABAg,UC8FoMHHu6HcW-GG53hqlKpQ,http://www.youtube.com/channel/UC8FoMHHu6HcW-GG53hqlKpQ,Miss Brittany,https://yt3.ggpht.com/a/AATXAJxHxRY2KP4ApEMveV2h8pRFBSUh9iT0Jxo-vDj6Xg=s48-c-k-c0xffffffff-no-rj-mo,0,Hi haha üòÇ
